1	/uploaded/life/2352031_4817711_misc.pdf	01_中津南高等学校_普通科
2	/uploaded/life/2352031_4817801_misc.pdf	02_中津南高等学校耶馬溪校_環境・社会共生科
3	/uploaded/life/2352031_4817712_misc.pdf	03_中津北高等学校_普通科
4	/uploaded/life/2352031_4817795_misc.pdf	04_中津東高等学校_ 機械科
5	/uploaded/life/2352031_4817796_misc.pdf	04_中津東高等学校_電気科
6	/uploaded/life/2352031_4817797_misc.pdf	04_中津東高等学校_ 土木科
7	/uploaded/life/2352031_4817798_misc.pdf	04_中津東高等学校_ 生産システム科
8	/uploaded/life/2352031_4817799_misc.pdf	04_中津東高等学校_ ビジネス会計科
9	/uploaded/life/2352031_4817800_misc.pdf	04_中津東高等学校_ ビジネス情報科
10	/uploaded/life/2352031_4817802_misc.pdf	05_宇佐高等学校_普通科
11	/uploaded/life/2352031_4817782_misc.pdf	06_宇佐産業科学高等学校_グリーン環境科
12	/uploaded/life/2352031_4817783_misc.pdf	06_宇佐産業科学高等学校_電子機械科
13	/uploaded/life/2352031_4817784_misc.pdf	06_宇佐産業科学高等学校_ビジネス管理科
14	/uploaded/life/2352031_4817785_misc.pdf	06_宇佐産業科学高等学校_生活デザイン科
15	/uploaded/life/2352031_4817714_misc.pdf	07_安心院高等学校_普通科
16	/uploaded/life/2352031_4817715_misc.pdf	08_高田高等学校_普通科
17	/uploaded/life/2352031_4817803_misc.pdf	09_国東高等学校_普通科
18	/uploaded/life/2352031_4817804_misc.pdf	09_国東高等学校_園芸ビジネス科
19	/uploaded/life/2352031_4817805_misc.pdf	09_国東高等学校_環境土木科
20	/uploaded/life/2352031_4817806_misc.pdf	09_国東高等学校_電子工業科
21	/uploaded/life/2352031_4817786_misc.pdf	10_杵築高等学校_普通科
22	/uploaded/life/2352031_4817807_misc.pdf	11_日出総合高等学校_農業経営
23	/uploaded/life/2352031_4817808_misc.pdf	11_日出総合高等学校_機械電子科
24	/uploaded/life/2352031_4817809_misc.pdf	11_日出総合高等学校_総合学科
25	/uploaded/life/2352031_4817716_misc.pdf	12_別府鶴見丘高等学校_普通科
26	/uploaded/life/2352031_4817811_misc.pdf	13_別府翔青高等学校_クロスアカデミア科
27	/uploaded/life/2352031_4817812_misc.pdf	13_別府翔青高等学校_グローバルコミュニケーション科
28	/uploaded/life/2352031_4817813_misc.pdf	13_別府翔青高等学校_ビジネスイノベーション科
29	/uploaded/life/2352031_4817810_misc.pdf	14_大分上野丘高等学校_普通科
30	/uploaded/life/2352031_4817717_misc.pdf	15_大分舞鶴高等学校_普通科
31	/uploaded/life/2352031_4817718_misc.pdf	15_大分舞鶴高等学校_理数科
32	/uploaded/life/2352031_4817733_misc.pdf	16_大分雄城台高等学校_普通科
33	/uploaded/life/2352031_4817814_misc.pdf	17_大分南高等学校_普通科
34	/uploaded/life/2352031_4817815_misc.pdf	17_大分南高等学校_福祉科
35	/uploaded/life/2352031_4817735_misc.pdf	18_大分豊府高等学校_普通科
36	/uploaded/life/2352031_4817816_misc.pdf	19_大分工業高等学校_機械科
37	/uploaded/life/2352031_4817817_misc.pdf	19_大分工業高等学校_電気科
38	/uploaded/life/2352031_4817818_misc.pdf	19_大分工業高等学校_電子科
39	/uploaded/life/2352031_4817819_misc.pdf	19_大分工業高等学校_建築科
40	/uploaded/life/2352031_4817820_misc.pdf	19_大分工業高等学校_土木科
41	/uploaded/life/2352031_4817821_misc.pdf	19_大分工業高等学校_工業化学科
42	/uploaded/life/2352031_4817738_misc.pdf	20_大分商業高等学校_商業科
43	/uploaded/life/2352031_4817739_misc.pdf	20_大分商業高等学校_国際経済科
44	/uploaded/life/2352031_4817740_misc.pdf	20_大分商業高等学校_情報処理科
45	/uploaded/life/2352031_4817822_misc.pdf	21_芸術緑丘高等学校_音楽科
46	/uploaded/life/2352031_4817823_misc.pdf	21_芸術緑丘高等学校_美術科
47	/uploaded/life/2352031_4817744_misc.pdf	22_大分西高等学校_総合学科
48	/uploaded/life/2352031_4817746_misc.pdf	23_大分鶴崎高等学校_普通科
49	/uploaded/life/2352031_4817748_misc.pdf	24_鶴崎工業高等学校_機械科
50	/uploaded/life/2352031_4817749_misc.pdf	24_鶴崎工業高等学校_電気科
51	/uploaded/life/2352031_4817750_misc.pdf	24_鶴崎工業高等学校_建築科
52	/uploaded/life/2352031_4817751_misc.pdf	24_鶴崎工業高等学校_化学工学科
53	/uploaded/life/2352031_4817752_misc.pdf	24_鶴崎工業高等学校_産業デザイン科
54	/uploaded/life/2352031_4817824_misc.pdf	25_情報科学高等学校_AIテクノロジー科
55	/uploaded/life/2352031_4817825_misc.pdf	25_情報科学高等学校_ビジネスソリューション科
56	/uploaded/life/2352031_4817826_misc.pdf	25_情報科学高等学校_デジタル創造科
57	/uploaded/life/2352031_4817755_misc.pdf	26_大分東高等学校_普通科
58	/uploaded/life/2352031_4817756_misc.pdf	26_大分東高等学校_園芸ビジネス科・園芸デザイン科
59	/uploaded/life/2352031_4817831_misc.pdf	27_由布高等学校_普通科
60	/uploaded/life/2352031_4817787_misc.pdf	28_臼杵高等学校_普通科
61	/uploaded/life/2352031_4817760_misc.pdf	29_海洋科高等学学校_海洋科
62	/uploaded/life/2352031_4817788_misc.pdf	30_津久見高等学校_普通科
63	/uploaded/life/2352031_4817789_misc.pdf	30_津久見高等学校_生産機械科
64	/uploaded/life/2352031_4817790_misc.pdf	30_津久見高等学校_電気電子科_
65	/uploaded/life/2352031_4817791_misc.pdf	30_津久見高等学校_地域みらいビジネス科
66	/uploaded/life/2352031_4817763_misc.pdf	31_佐伯鶴城高等学校_普通科
67	/uploaded/life/2352031_4817833_misc.pdf	32_佐伯豊南高等学校_食農ビジネス科
68	/uploaded/life/2352031_4817834_misc.pdf	32_佐伯豊南高等学校_工業技術科
69	/uploaded/life/2352031_4817835_misc.pdf	32_佐伯豊南高等学校_福祉科
70	/uploaded/life/2352031_4817832_misc.pdf	32_佐伯豊南高等学校_総合学科
71	/uploaded/life/2352031_4817836_misc.pdf	33_三重総合高等学校_普通科
72	/uploaded/life/2352031_4817837_misc.pdf	33_三重総合高等学校_生物環境科
73	/uploaded/life/2352031_4817838_misc.pdf	33_三重総合高等学校_メディア科学科
74	/uploaded/life/2352031_4817767_misc.pdf	34_竹田高等学校_普通科
75	/uploaded/life/2352031_4817769_misc.pdf	35_久住高原農業高等学校_農業科
76	/uploaded/life/2352031_4817792_misc.pdf	36_玖珠美山高等学校_普通科
77	/uploaded/life/2352031_4817794_misc.pdf	36_玖珠美山高等学校_地域産業科
78	/uploaded/life/2352031_4817771_misc.pdf	37_日田高等学校_普通科
79	/uploaded/life/2352031_4817773_misc.pdf	38_日田三隈高等学校_総合学科
80	/uploaded/life/2352031_4817827_misc.pdf	39_日田林工高等学校_林業科
81	/uploaded/life/2352031_4817828_misc.pdf	39_日田林工高等学校_機械科
82	/uploaded/life/2352031_4817829_misc.pdf	39_日田林工高等学校_電気科
83	/uploaded/life/2352031_4817830_misc.pdf	39_日田林工高等学校_建築土木科
84	/uploaded/life/2352031_4817775_misc.pdf	40_中津東高等学校（定時制）_機械科
85	/uploaded/life/2352031_4817776_misc.pdf	40_中津東高等学校（定時制）_商業科
86	/uploaded/life/2352031_4817778_misc.pdf	41_大分工業高等学校（定時制）_機械科
87	/uploaded/life/2352031_4817777_misc.pdf	41_大分工業高等学校（定時制）_電気科
88	/uploaded/life/2352031_4817780_misc.pdf	43_日田高等学校（定時制）_普通科
