県,学校コード,学校名,学科,募集人員,出願者数,倍率,区分,公表日,出典URL,確認日,前年度倍率,前年度差
千葉県,D112210000011,千葉県立千葉高等学校,普通科,240,331,1.38,確定,2026-02-13,https://www.pref.chiba.lg.jp/kyouiku/shidou/nyuushi/koukou/r8/documents/r8kakuteiippan.pdf,2026-07-24,1.35,0.03
千葉県,D112210000020,千葉県立千葉女子高等学校,普通科,240,234,0.98,確定,2026-02-13,https://www.pref.chiba.lg.jp/kyouiku/shidou/nyuushi/koukou/r8/documents/r8kakuteiippan.pdf,2026-07-24,1.13,-0.15
千葉県,D112210000020,千葉県立千葉女子高等学校,家政科,40,33,0.83,確定,2026-02-13,https://www.pref.chiba.lg.jp/kyouiku/shidou/nyuushi/koukou/r8/documents/r8kakuteiippan.pdf,2026-07-24,1.25,-0.42
千葉県,D112210000039,千葉県立千葉東高等学校,普通科,320,448,1.4,確定,2026-02-13,https://www.pref.chiba.lg.jp/kyouiku/shidou/nyuushi/koukou/r8/documents/r8kakuteiippan.pdf,2026-07-24,1.31,0.09
千葉県,D112210000048,千葉県立千葉商業高等学校,商業科・情報処理科,320,359,1.12,確定,2026-02-13,https://www.pref.chiba.lg.jp/kyouiku/shidou/nyuushi/koukou/r8/documents/r8kakuteiippan.pdf,2026-07-24,1.2,-0.08
千葉県,D112210000057,千葉県立京葉工業高等学校,機械科,40,32,0.8,確定,2026-02-13,https://www.pref.chiba.lg.jp/kyouiku/shidou/nyuushi/koukou/r8/documents/r8kakuteiippan.pdf,2026-07-24,1.05,-0.25
千葉県,D112210000057,千葉県立京葉工業高等学校,電子工業科,80,60,0.75,確定,2026-02-13,https://www.pref.chiba.lg.jp/kyouiku/shidou/nyuushi/koukou/r8/documents/r8kakuteiippan.pdf,2026-07-24,0.93,-0.18
千葉県,D112210000057,千葉県立京葉工業高等学校,設備システム科,40,29,0.73,確定,2026-02-13,https://www.pref.chiba.lg.jp/kyouiku/shidou/nyuushi/koukou/r8/documents/r8kakuteiippan.pdf,2026-07-24,0.95,-0.22
千葉県,D112210000057,千葉県立京葉工業高等学校,建設科,40,21,0.53,確定,2026-02-13,https://www.pref.chiba.lg.jp/kyouiku/shidou/nyuushi/koukou/r8/documents/r8kakuteiippan.pdf,2026-07-24,1.25,-0.72
千葉県,D112210000066,千葉県立千葉工業高等学校,電子機械科,40,55,1.38,確定,2026-02-13,https://www.pref.chiba.lg.jp/kyouiku/shidou/nyuushi/koukou/r8/documents/r8kakuteiippan.pdf,2026-07-24,0.86,0.52
千葉県,D112210000066,千葉県立千葉工業高等学校,電気科,40,50,1.25,確定,2026-02-13,https://www.pref.chiba.lg.jp/kyouiku/shidou/nyuushi/koukou/r8/documents/r8kakuteiippan.pdf,2026-07-24,0.93,0.32
千葉県,D112210000066,千葉県立千葉工業高等学校,情報技術科,40,51,1.28,確定,2026-02-13,https://www.pref.chiba.lg.jp/kyouiku/shidou/nyuushi/koukou/r8/documents/r8kakuteiippan.pdf,2026-07-24,0.68,0.6
千葉県,D112210000066,千葉県立千葉工業高等学校,工業化学科,40,39,0.98,確定,2026-02-13,https://www.pref.chiba.lg.jp/kyouiku/shidou/nyuushi/koukou/r8/documents/r8kakuteiippan.pdf,2026-07-24,0.9,0.08
千葉県,D112210000066,千葉県立千葉工業高等学校,理数工学科,40,31,0.78,確定,2026-02-13,https://www.pref.chiba.lg.jp/kyouiku/shidou/nyuushi/koukou/r8/documents/r8kakuteiippan.pdf,2026-07-24,0.6,0.18
千葉県,D112210000075,千葉県立千葉南高等学校,普通科,320,340,1.06,確定,2026-02-13,https://www.pref.chiba.lg.jp/kyouiku/shidou/nyuushi/koukou/r8/documents/r8kakuteiippan.pdf,2026-07-24,1.13,-0.07
千葉県,D112210000084,千葉県立検見川高等学校,普通科,320,514,1.61,確定,2026-02-13,https://www.pref.chiba.lg.jp/kyouiku/shidou/nyuushi/koukou/r8/documents/r8kakuteiippan.pdf,2026-07-24,1.26,0.35
千葉県,D112210000093,千葉県立千葉北高等学校,普通科,280,278,0.99,確定,2026-02-13,https://www.pref.chiba.lg.jp/kyouiku/shidou/nyuushi/koukou/r8/documents/r8kakuteiippan.pdf,2026-07-24,0.99,0
千葉県,D112210000100,千葉県立若松高等学校,普通科,320,324,1.01,確定,2026-02-13,https://www.pref.chiba.lg.jp/kyouiku/shidou/nyuushi/koukou/r8/documents/r8kakuteiippan.pdf,2026-07-24,1.17,-0.16
千葉県,D112210000119,千葉県立千城台高等学校,普通科,280,283,1.01,確定,2026-02-13,https://www.pref.chiba.lg.jp/kyouiku/shidou/nyuushi/koukou/r8/documents/r8kakuteiippan.pdf,2026-07-24,1.1,-0.09
千葉県,D112210000128,千葉県立生浜高等学校,普通科,80,88,1.1,確定,2026-02-13,https://www.pref.chiba.lg.jp/kyouiku/shidou/nyuushi/koukou/r8/documents/r8kakuteiippan.pdf,2026-07-24,1.01,0.09
千葉県,D112210000137,千葉県立磯辺高等学校,普通科,320,447,1.4,確定,2026-02-13,https://www.pref.chiba.lg.jp/kyouiku/shidou/nyuushi/koukou/r8/documents/r8kakuteiippan.pdf,2026-07-24,1.09,0.31
千葉県,D112210000146,千葉県立泉高等学校,普通科,120,91,0.76,確定,2026-02-13,https://www.pref.chiba.lg.jp/kyouiku/shidou/nyuushi/koukou/r8/documents/r8kakuteiippan.pdf,2026-07-24,0.88,-0.12
千葉県,D112210000208,千葉県立幕張総合高等学校,総合学科,640,910,1.42,確定,2026-02-13,https://www.pref.chiba.lg.jp/kyouiku/shidou/nyuushi/koukou/r8/documents/r8kakuteiippan.pdf,2026-07-24,1.65,-0.23
千葉県,D112210000208,千葉県立幕張総合高等学校,看護科,40,58,1.45,確定,2026-02-13,https://www.pref.chiba.lg.jp/kyouiku/shidou/nyuushi/koukou/r8/documents/r8kakuteiippan.pdf,2026-07-24,1.43,0.02
千葉県,D112210000155,千葉県立柏井高等学校,普通科,200,240,1.2,確定,2026-02-13,https://www.pref.chiba.lg.jp/kyouiku/shidou/nyuushi/koukou/r8/documents/r8kakuteiippan.pdf,2026-07-24,1.17,0.03
千葉県,D112210000173,千葉県立土気高等学校,普通科,240,279,1.16,確定,2026-02-13,https://www.pref.chiba.lg.jp/kyouiku/shidou/nyuushi/koukou/r8/documents/r8kakuteiippan.pdf,2026-07-24,1.1,0.06
千葉県,D112210000182,千葉県立千葉西高等学校,普通科,320,356,1.11,確定,2026-02-13,https://www.pref.chiba.lg.jp/kyouiku/shidou/nyuushi/koukou/r8/documents/r8kakuteiippan.pdf,2026-07-24,1.15,-0.04
千葉県,D112210000191,千葉県立犢橋高等学校,普通科,200,193,0.97,確定,2026-02-13,https://www.pref.chiba.lg.jp/kyouiku/shidou/nyuushi/koukou/r8/documents/r8kakuteiippan.pdf,2026-07-24,1.19,-0.22
千葉県,D112210000841,千葉県立八千代高等学校,普通科,240,338,1.41,確定,2026-02-13,https://www.pref.chiba.lg.jp/kyouiku/shidou/nyuushi/koukou/r8/documents/r8kakuteiippan.pdf,2026-07-24,1.54,-0.13
千葉県,D112210000841,千葉県立八千代高等学校,家政科,40,35,0.88,確定,2026-02-13,https://www.pref.chiba.lg.jp/kyouiku/shidou/nyuushi/koukou/r8/documents/r8kakuteiippan.pdf,2026-07-24,1.15,-0.27
千葉県,D112210000841,千葉県立八千代高等学校,体育科,40,42,1.05,確定,2026-02-13,https://www.pref.chiba.lg.jp/kyouiku/shidou/nyuushi/koukou/r8/documents/r8kakuteiippan.pdf,2026-07-24,1.15,-0.1
千葉県,D112210000850,千葉県立八千代東高等学校,普通科,200,184,0.92,確定,2026-02-13,https://www.pref.chiba.lg.jp/kyouiku/shidou/nyuushi/koukou/r8/documents/r8kakuteiippan.pdf,2026-07-24,1.03,-0.11
千葉県,D112210000869,千葉県立八千代西高等学校,普通科,80,61,0.76,確定,2026-02-13,https://www.pref.chiba.lg.jp/kyouiku/shidou/nyuushi/koukou/r8/documents/r8kakuteiippan.pdf,2026-07-24,0.41,0.35
千葉県,D112210000672,千葉県立津田沼高等学校,普通科,320,393,1.23,確定,2026-02-13,https://www.pref.chiba.lg.jp/kyouiku/shidou/nyuushi/koukou/r8/documents/r8kakuteiippan.pdf,2026-07-24,1.37,-0.14
千葉県,D112210000681,千葉県立実籾高等学校,普通科,320,364,1.14,確定,2026-02-13,https://www.pref.chiba.lg.jp/kyouiku/shidou/nyuushi/koukou/r8/documents/r8kakuteiippan.pdf,2026-07-24,1.26,-0.12
千葉県,D112210000299,千葉県立船橋高等学校,普通科,320,618,1.93,確定,2026-02-13,https://www.pref.chiba.lg.jp/kyouiku/shidou/nyuushi/koukou/r8/documents/r8kakuteiippan.pdf,2026-07-24,1.83,0.1
千葉県,D112210000299,千葉県立船橋高等学校,理数科,40,88,2.2,確定,2026-02-13,https://www.pref.chiba.lg.jp/kyouiku/shidou/nyuushi/koukou/r8/documents/r8kakuteiippan.pdf,2026-07-24,1.65,0.55
千葉県,D112210000306,千葉県立薬園台高等学校,普通科,280,480,1.71,確定,2026-02-13,https://www.pref.chiba.lg.jp/kyouiku/shidou/nyuushi/koukou/r8/documents/r8kakuteiippan.pdf,2026-07-24,1.66,0.05
千葉県,D112210000306,千葉県立薬園台高等学校,園芸科,40,47,1.18,確定,2026-02-13,https://www.pref.chiba.lg.jp/kyouiku/shidou/nyuushi/koukou/r8/documents/r8kakuteiippan.pdf,2026-07-24,1.2,-0.02
千葉県,D112210000315,千葉県立船橋東高等学校,普通科,320,451,1.41,確定,2026-02-13,https://www.pref.chiba.lg.jp/kyouiku/shidou/nyuushi/koukou/r8/documents/r8kakuteiippan.pdf,2026-07-24,1.58,-0.17
千葉県,D112210001190,千葉県立船橋啓明高等学校,普通科,320,333,1.04,確定,2026-02-13,https://www.pref.chiba.lg.jp/kyouiku/shidou/nyuushi/koukou/r8/documents/r8kakuteiippan.pdf,2026-07-24,1.3,-0.26
千葉県,D112210000324,千葉県立船橋芝山高等学校,普通科,320,446,1.39,確定,2026-02-13,https://www.pref.chiba.lg.jp/kyouiku/shidou/nyuushi/koukou/r8/documents/r8kakuteiippan.pdf,2026-07-24,1.37,0.02
千葉県,D112210000333,千葉県立船橋二和高等学校,普通科,280,296,1.06,確定,2026-02-13,https://www.pref.chiba.lg.jp/kyouiku/shidou/nyuushi/koukou/r8/documents/r8kakuteiippan.pdf,2026-07-24,1.24,-0.18
千葉県,D112210000342,千葉県立船橋古和釜高等学校,普通科,200,193,0.97,確定,2026-02-13,https://www.pref.chiba.lg.jp/kyouiku/shidou/nyuushi/koukou/r8/documents/r8kakuteiippan.pdf,2026-07-24,1.07,-0.1
千葉県,D112210000351,千葉県立船橋法典高等学校,普通科,200,201,1.01,確定,2026-02-13,https://www.pref.chiba.lg.jp/kyouiku/shidou/nyuushi/koukou/r8/documents/r8kakuteiippan.pdf,2026-07-24,0.93,0.08
千葉県,D112210000360,千葉県立船橋豊富高等学校,普通科,80,81,1.01,確定,2026-02-13,https://www.pref.chiba.lg.jp/kyouiku/shidou/nyuushi/koukou/r8/documents/r8kakuteiippan.pdf,2026-07-24,0.35,0.66
千葉県,D112210000379,千葉県立船橋北高等学校,普通科,160,94,0.59,確定,2026-02-13,https://www.pref.chiba.lg.jp/kyouiku/shidou/nyuushi/koukou/r8/documents/r8kakuteiippan.pdf,2026-07-24,0.83,-0.24
千葉県,D112210000280,千葉県立市川工業高等学校,機械科,80,79,0.99,確定,2026-02-13,https://www.pref.chiba.lg.jp/kyouiku/shidou/nyuushi/koukou/r8/documents/r8kakuteiippan.pdf,2026-07-24,1.05,-0.06
千葉県,D112210000280,千葉県立市川工業高等学校,電気科,80,82,1.03,確定,2026-02-13,https://www.pref.chiba.lg.jp/kyouiku/shidou/nyuushi/koukou/r8/documents/r8kakuteiippan.pdf,2026-07-24,1.23,-0.2
千葉県,D112210000280,千葉県立市川工業高等学校,建築科,40,30,0.75,確定,2026-02-13,https://www.pref.chiba.lg.jp/kyouiku/shidou/nyuushi/koukou/r8/documents/r8kakuteiippan.pdf,2026-07-24,1.2,-0.45
千葉県,D112210000280,千葉県立市川工業高等学校,インテリア科,40,47,1.18,確定,2026-02-13,https://www.pref.chiba.lg.jp/kyouiku/shidou/nyuushi/koukou/r8/documents/r8kakuteiippan.pdf,2026-07-24,1.33,-0.15
千葉県,D112210000235,千葉県立国府台高等学校,普通科,320,373,1.17,確定,2026-02-13,https://www.pref.chiba.lg.jp/kyouiku/shidou/nyuushi/koukou/r8/documents/r8kakuteiippan.pdf,2026-07-24,1.22,-0.05
千葉県,D112210000244,千葉県立国分高等学校,普通科,320,420,1.31,確定,2026-02-13,https://www.pref.chiba.lg.jp/kyouiku/shidou/nyuushi/koukou/r8/documents/r8kakuteiippan.pdf,2026-07-24,1.46,-0.15
千葉県,D112210000253,千葉県立行徳高等学校,普通科,120,103,0.86,確定,2026-02-13,https://www.pref.chiba.lg.jp/kyouiku/shidou/nyuushi/koukou/r8/documents/r8kakuteiippan.pdf,2026-07-24,0.65,0.21
千葉県,D112210000262,千葉県立市川東高等学校,普通科,320,328,1.03,確定,2026-02-13,https://www.pref.chiba.lg.jp/kyouiku/shidou/nyuushi/koukou/r8/documents/r8kakuteiippan.pdf,2026-07-24,1.09,-0.06
千葉県,D112210001207,千葉県立市川昴高等学校,普通科,320,320,1,確定,2026-02-13,https://www.pref.chiba.lg.jp/kyouiku/shidou/nyuushi/koukou/r8/documents/r8kakuteiippan.pdf,2026-07-24,1.23,-0.23
千葉県,D112210000271,千葉県立市川南高等学校,普通科,280,281,1,確定,2026-02-13,https://www.pref.chiba.lg.jp/kyouiku/shidou/nyuushi/koukou/r8/documents/r8kakuteiippan.pdf,2026-07-24,0.99,0.01
千葉県,D112210000967,千葉県立浦安高等学校,普通科,200,170,0.85,確定,2026-02-13,https://www.pref.chiba.lg.jp/kyouiku/shidou/nyuushi/koukou/r8/documents/r8kakuteiippan.pdf,2026-07-24,1.04,-0.19
千葉県,D112210000976,千葉県立浦安南高等学校,普通科,120,62,0.52,確定,2026-02-13,https://www.pref.chiba.lg.jp/kyouiku/shidou/nyuushi/koukou/r8/documents/r8kakuteiippan.pdf,2026-07-24,0.73,-0.21
千葉県,D112210000896,千葉県立鎌ヶ谷高等学校,普通科,320,435,1.36,確定,2026-02-13,https://www.pref.chiba.lg.jp/kyouiku/shidou/nyuushi/koukou/r8/documents/r8kakuteiippan.pdf,2026-07-24,1.53,-0.17
千葉県,D112210000903,千葉県立鎌ヶ谷西高等学校,普通科,160,172,1.08,確定,2026-02-13,https://www.pref.chiba.lg.jp/kyouiku/shidou/nyuushi/koukou/r8/documents/r8kakuteiippan.pdf,2026-07-24,0.83,0.25
千葉県,D112210000422,千葉県立松戸高等学校,普通科,200,223,1.12,確定,2026-02-13,https://www.pref.chiba.lg.jp/kyouiku/shidou/nyuushi/koukou/r8/documents/r8kakuteiippan.pdf,2026-07-24,1.12,0
千葉県,D112210000422,千葉県立松戸高等学校,芸術科,40,44,1.1,確定,2026-02-13,https://www.pref.chiba.lg.jp/kyouiku/shidou/nyuushi/koukou/r8/documents/r8kakuteiippan.pdf,2026-07-24,1.7,-0.6
千葉県,D112210000431,千葉県立小金高等学校,総合学科,320,598,1.87,確定,2026-02-13,https://www.pref.chiba.lg.jp/kyouiku/shidou/nyuushi/koukou/r8/documents/r8kakuteiippan.pdf,2026-07-24,1.59,0.28
千葉県,D112210000440,千葉県立松戸国際高等学校,普通科,200,219,1.1,確定,2026-02-13,https://www.pref.chiba.lg.jp/kyouiku/shidou/nyuushi/koukou/r8/documents/r8kakuteiippan.pdf,2026-07-24,1.25,-0.15
千葉県,D112210000440,千葉県立松戸国際高等学校,国際教養科,120,113,0.94,確定,2026-02-13,https://www.pref.chiba.lg.jp/kyouiku/shidou/nyuushi/koukou/r8/documents/r8kakuteiippan.pdf,2026-07-24,1.41,-0.47
千葉県,D112210000468,千葉県立松戸六実高等学校,普通科,320,444,1.39,確定,2026-02-13,https://www.pref.chiba.lg.jp/kyouiku/shidou/nyuushi/koukou/r8/documents/r8kakuteiippan.pdf,2026-07-24,1.47,-0.08
千葉県,D112210001216,千葉県立松戸向陽高等学校,普通科,160,182,1.14,確定,2026-02-13,https://www.pref.chiba.lg.jp/kyouiku/shidou/nyuushi/koukou/r8/documents/r8kakuteiippan.pdf,2026-07-24,1.14,0
千葉県,D112210001216,千葉県立松戸向陽高等学校,福祉教養科,40,40,1,確定,2026-02-13,https://www.pref.chiba.lg.jp/kyouiku/shidou/nyuushi/koukou/r8/documents/r8kakuteiippan.pdf,2026-07-24,1.05,-0.05
千葉県,D112210000477,千葉県立松戸馬橋高等学校,普通科,320,361,1.13,確定,2026-02-13,https://www.pref.chiba.lg.jp/kyouiku/shidou/nyuushi/koukou/r8/documents/r8kakuteiippan.pdf,2026-07-24,1.22,-0.09
千葉県,D112210000690,千葉県立東葛飾高等学校,普通科,240,437,1.82,確定,2026-02-13,https://www.pref.chiba.lg.jp/kyouiku/shidou/nyuushi/koukou/r8/documents/r8kakuteiippan.pdf,2026-07-24,2.05,-0.23
千葉県,D112210000707,千葉県立柏高等学校,普通科,280,337,1.2,確定,2026-02-13,https://www.pref.chiba.lg.jp/kyouiku/shidou/nyuushi/koukou/r8/documents/r8kakuteiippan.pdf,2026-07-24,1.27,-0.07
千葉県,D112210000707,千葉県立柏高等学校,理数科,40,53,1.33,確定,2026-02-13,https://www.pref.chiba.lg.jp/kyouiku/shidou/nyuushi/koukou/r8/documents/r8kakuteiippan.pdf,2026-07-24,1.13,0.2
千葉県,D112210000716,千葉県立柏南高等学校,普通科,360,531,1.48,確定,2026-02-13,https://www.pref.chiba.lg.jp/kyouiku/shidou/nyuushi/koukou/r8/documents/r8kakuteiippan.pdf,2026-07-24,1.54,-0.06
千葉県,D112210000725,千葉県立柏陵高等学校,普通科,320,362,1.13,確定,2026-02-13,https://www.pref.chiba.lg.jp/kyouiku/shidou/nyuushi/koukou/r8/documents/r8kakuteiippan.pdf,2026-07-24,1.17,-0.04
千葉県,D112210000743,千葉県立柏の葉高等学校,普通科,280,370,1.32,確定,2026-02-13,https://www.pref.chiba.lg.jp/kyouiku/shidou/nyuushi/koukou/r8/documents/r8kakuteiippan.pdf,2026-07-24,1.41,-0.09
千葉県,D112210000743,千葉県立柏の葉高等学校,情報理数科,40,49,1.23,確定,2026-02-13,https://www.pref.chiba.lg.jp/kyouiku/shidou/nyuushi/koukou/r8/documents/r8kakuteiippan.pdf,2026-07-24,1.45,-0.22
千葉県,D112210000734,千葉県立柏中央高等学校,普通科,320,351,1.1,確定,2026-02-13,https://www.pref.chiba.lg.jp/kyouiku/shidou/nyuushi/koukou/r8/documents/r8kakuteiippan.pdf,2026-07-24,1.35,-0.25
千葉県,D112210001001,千葉県立沼南高等学校,普通科,80,33,0.41,確定,2026-02-13,https://www.pref.chiba.lg.jp/kyouiku/shidou/nyuushi/koukou/r8/documents/r8kakuteiippan.pdf,2026-07-24,0.34,0.07
千葉県,D112210001010,千葉県立沼南高柳高等学校,普通科,160,141,0.88,確定,2026-02-13,https://www.pref.chiba.lg.jp/kyouiku/shidou/nyuushi/koukou/r8/documents/r8kakuteiippan.pdf,2026-07-24,1.06,-0.18
千葉県,D112210000805,千葉県立流山高等学校,園芸科,120,139,1.16,確定,2026-02-13,https://www.pref.chiba.lg.jp/kyouiku/shidou/nyuushi/koukou/r8/documents/r8kakuteiippan.pdf,2026-07-24,0.9,0.26
千葉県,D112210000805,千葉県立流山高等学校,商業科・情報処理科,80,81,1.01,確定,2026-02-13,https://www.pref.chiba.lg.jp/kyouiku/shidou/nyuushi/koukou/r8/documents/r8kakuteiippan.pdf,2026-07-24,1.19,-0.18
千葉県,D112210000832,千葉県立流山おおたかの森高等学校,普通科,320,381,1.19,確定,2026-02-13,https://www.pref.chiba.lg.jp/kyouiku/shidou/nyuushi/koukou/r8/documents/r8kakuteiippan.pdf,2026-07-24,1.34,-0.15
千葉県,D112210000832,千葉県立流山おおたかの森高等学校,国際コミュニケーション科,40,43,1.08,確定,2026-02-13,https://www.pref.chiba.lg.jp/kyouiku/shidou/nyuushi/koukou/r8/documents/r8kakuteiippan.pdf,2026-07-24,1.1,-0.02
千葉県,D112210000814,千葉県立流山南高等学校,普通科,280,282,1.01,確定,2026-02-13,https://www.pref.chiba.lg.jp/kyouiku/shidou/nyuushi/koukou/r8/documents/r8kakuteiippan.pdf,2026-07-24,0.97,0.04
千葉県,D112210000823,千葉県立流山北高等学校,普通科,200,127,0.64,確定,2026-02-13,https://www.pref.chiba.lg.jp/kyouiku/shidou/nyuushi/koukou/r8/documents/r8kakuteiippan.pdf,2026-07-24,0.82,-0.18
千葉県,D112210000495,千葉県立野田中央高等学校,普通科,280,232,0.83,確定,2026-02-13,https://www.pref.chiba.lg.jp/kyouiku/shidou/nyuushi/koukou/r8/documents/r8kakuteiippan.pdf,2026-07-24,1,-0.17
千葉県,D112210000486,千葉県立清水高等学校,食品科学科,40,39,0.98,確定,2026-02-13,https://www.pref.chiba.lg.jp/kyouiku/shidou/nyuushi/koukou/r8/documents/r8kakuteiippan.pdf,2026-07-24,0.95,0.03
千葉県,D112210000486,千葉県立清水高等学校,機械科・電気科・環境化学科,120,115,0.96,確定,2026-02-13,https://www.pref.chiba.lg.jp/kyouiku/shidou/nyuushi/koukou/r8/documents/r8kakuteiippan.pdf,2026-07-24,0.78,0.18
千葉県,D112210001029,千葉県立関宿高等学校,普通科,80,26,0.33,確定,2026-02-13,https://www.pref.chiba.lg.jp/kyouiku/shidou/nyuushi/koukou/r8/documents/r8kakuteiippan.pdf,2026-07-24,0.24,0.09
千葉県,D112210000878,千葉県立我孫子高等学校,普通科,320,357,1.12,確定,2026-02-13,https://www.pref.chiba.lg.jp/kyouiku/shidou/nyuushi/koukou/r8/documents/r8kakuteiippan.pdf,2026-07-24,1.07,0.05
千葉県,D112210001225,千葉県立我孫子東高等学校,普通科,200,132,0.66,確定,2026-02-13,https://www.pref.chiba.lg.jp/kyouiku/shidou/nyuushi/koukou/r8/documents/r8kakuteiippan.pdf,2026-07-24,0.83,-0.17
千葉県,D112210001056,千葉県立白井高等学校,普通科,240,281,1.17,確定,2026-02-13,https://www.pref.chiba.lg.jp/kyouiku/shidou/nyuushi/koukou/r8/documents/r8kakuteiippan.pdf,2026-07-24,1.02,0.15
千葉県,D112210001047,千葉県立印旛明誠高等学校,普通科,200,239,1.2,確定,2026-02-13,https://www.pref.chiba.lg.jp/kyouiku/shidou/nyuushi/koukou/r8/documents/r8kakuteiippan.pdf,2026-07-24,1.15,0.05
千葉県,D112210000556,千葉県立成田西陵高等学校,園芸科,40,31,0.78,確定,2026-02-13,https://www.pref.chiba.lg.jp/kyouiku/shidou/nyuushi/koukou/r8/documents/r8kakuteiippan.pdf,2026-07-24,1.1,-0.32
千葉県,D112210000556,千葉県立成田西陵高等学校,土木造園科,40,21,0.53,確定,2026-02-13,https://www.pref.chiba.lg.jp/kyouiku/shidou/nyuushi/koukou/r8/documents/r8kakuteiippan.pdf,2026-07-24,0.78,-0.25
千葉県,D112210000556,千葉県立成田西陵高等学校,食品科学科,40,40,1,確定,2026-02-13,https://www.pref.chiba.lg.jp/kyouiku/shidou/nyuushi/koukou/r8/documents/r8kakuteiippan.pdf,2026-07-24,1.1,-0.1
千葉県,D112210000556,千葉県立成田西陵高等学校,情報処理科,40,20,0.5,確定,2026-02-13,https://www.pref.chiba.lg.jp/kyouiku/shidou/nyuushi/koukou/r8/documents/r8kakuteiippan.pdf,2026-07-24,1.15,-0.65
千葉県,D112210000565,千葉県立成田国際高等学校,普通科,200,264,1.32,確定,2026-02-13,https://www.pref.chiba.lg.jp/kyouiku/shidou/nyuushi/koukou/r8/documents/r8kakuteiippan.pdf,2026-07-24,1.38,-0.06
千葉県,D112210000565,千葉県立成田国際高等学校,国際科,120,142,1.18,確定,2026-02-13,https://www.pref.chiba.lg.jp/kyouiku/shidou/nyuushi/koukou/r8/documents/r8kakuteiippan.pdf,2026-07-24,1.32,-0.14
千葉県,D112210000574,千葉県立成田北高等学校,普通科,280,310,1.11,確定,2026-02-13,https://www.pref.chiba.lg.jp/kyouiku/shidou/nyuushi/koukou/r8/documents/r8kakuteiippan.pdf,2026-07-24,0.93,0.18
千葉県,D112210001074,千葉県立下総高等学校,園芸科,40,17,0.43,確定,2026-02-13,https://www.pref.chiba.lg.jp/kyouiku/shidou/nyuushi/koukou/r8/documents/r8kakuteiippan.pdf,2026-07-24,0.4,0.03
千葉県,D112210001074,千葉県立下総高等学校,自動車科,40,31,0.78,確定,2026-02-13,https://www.pref.chiba.lg.jp/kyouiku/shidou/nyuushi/koukou/r8/documents/r8kakuteiippan.pdf,2026-07-24,0.38,0.4
千葉県,D112210001074,千葉県立下総高等学校,情報処理科,40,16,0.4,確定,2026-02-13,https://www.pref.chiba.lg.jp/kyouiku/shidou/nyuushi/koukou/r8/documents/r8kakuteiippan.pdf,2026-07-24,0.28,0.12
千葉県,D112210001065,千葉県立富里高等学校,普通科,160,173,1.08,確定,2026-02-13,https://www.pref.chiba.lg.jp/kyouiku/shidou/nyuushi/koukou/r8/documents/r8kakuteiippan.pdf,2026-07-24,1.04,0.04
千葉県,D112210000583,千葉県立佐倉高等学校,普通科,280,424,1.51,確定,2026-02-13,https://www.pref.chiba.lg.jp/kyouiku/shidou/nyuushi/koukou/r8/documents/r8kakuteiippan.pdf,2026-07-24,1.29,0.22
千葉県,D112210000583,千葉県立佐倉高等学校,理数科,40,65,1.63,確定,2026-02-13,https://www.pref.chiba.lg.jp/kyouiku/shidou/nyuushi/koukou/r8/documents/r8kakuteiippan.pdf,2026-07-24,1.43,0.2
千葉県,D112210000592,千葉県立佐倉東高等学校,普通科,120,135,1.13,確定,2026-02-13,https://www.pref.chiba.lg.jp/kyouiku/shidou/nyuushi/koukou/r8/documents/r8kakuteiippan.pdf,2026-07-24,1.16,-0.03
千葉県,D112210000592,千葉県立佐倉東高等学校,調理国際科,40,50,1.25,確定,2026-02-13,https://www.pref.chiba.lg.jp/kyouiku/shidou/nyuushi/koukou/r8/documents/r8kakuteiippan.pdf,2026-07-24,1.2,0.05
千葉県,D112210000592,千葉県立佐倉東高等学校,服飾デザイン科,40,40,1,確定,2026-02-13,https://www.pref.chiba.lg.jp/kyouiku/shidou/nyuushi/koukou/r8/documents/r8kakuteiippan.pdf,2026-07-24,0.93,0.07
千葉県,D112210000609,千葉県立佐倉西高等学校,普通科,160,150,0.94,確定,2026-02-13,https://www.pref.chiba.lg.jp/kyouiku/shidou/nyuushi/koukou/r8/documents/r8kakuteiippan.pdf,2026-07-24,1.05,-0.11
千葉県,D112210001038,千葉県立八街高等学校,総合学科,120,116,0.97,確定,2026-02-13,https://www.pref.chiba.lg.jp/kyouiku/shidou/nyuushi/koukou/r8/documents/r8kakuteiippan.pdf,2026-07-24,1.03,-0.06
千葉県,D112210000985,千葉県立四街道高等学校,普通科,320,379,1.18,確定,2026-02-13,https://www.pref.chiba.lg.jp/kyouiku/shidou/nyuushi/koukou/r8/documents/r8kakuteiippan.pdf,2026-07-24,1.26,-0.08
千葉県,D112210000994,千葉県立四街道北高等学校,普通科,240,269,1.12,確定,2026-02-13,https://www.pref.chiba.lg.jp/kyouiku/shidou/nyuushi/koukou/r8/documents/r8kakuteiippan.pdf,2026-07-24,1.24,-0.12
千葉県,D112210000501,千葉県立佐原高等学校,普通科,240,223,0.93,確定,2026-02-13,https://www.pref.chiba.lg.jp/kyouiku/shidou/nyuushi/koukou/r8/documents/r8kakuteiippan.pdf,2026-07-24,1.04,-0.11
千葉県,D112210000501,千葉県立佐原高等学校,理数科,40,20,0.5,確定,2026-02-13,https://www.pref.chiba.lg.jp/kyouiku/shidou/nyuushi/koukou/r8/documents/r8kakuteiippan.pdf,2026-07-24,0.43,0.07
千葉県,D112210000510,千葉県立佐原白楊高等学校,普通科,200,204,1.02,確定,2026-02-13,https://www.pref.chiba.lg.jp/kyouiku/shidou/nyuushi/koukou/r8/documents/r8kakuteiippan.pdf,2026-07-24,1.04,-0.02
千葉県,D112210001083,千葉県立小見川高等学校,普通科,160,147,0.92,確定,2026-02-13,https://www.pref.chiba.lg.jp/kyouiku/shidou/nyuushi/koukou/r8/documents/r8kakuteiippan.pdf,2026-07-24,0.82,0.1
千葉県,D112210001092,千葉県立多古高等学校,普通科,80,38,0.48,確定,2026-02-13,https://www.pref.chiba.lg.jp/kyouiku/shidou/nyuushi/koukou/r8/documents/r8kakuteiippan.pdf,2026-07-24,0.59,-0.11
千葉県,D112210001092,千葉県立多古高等学校,園芸科,40,17,0.43,確定,2026-02-13,https://www.pref.chiba.lg.jp/kyouiku/shidou/nyuushi/koukou/r8/documents/r8kakuteiippan.pdf,2026-07-24,0.55,-0.12
千葉県,D112210000217,千葉県立銚子高等学校,普通科,120,132,1.1,確定,2026-02-13,https://www.pref.chiba.lg.jp/kyouiku/shidou/nyuushi/koukou/r8/documents/r8kakuteiippan.pdf,2026-07-24,0.95,0.15
千葉県,D112210000226,千葉県立銚子商業高等学校,商業科・情報処理科,160,151,0.94,確定,2026-02-13,https://www.pref.chiba.lg.jp/kyouiku/shidou/nyuushi/koukou/r8/documents/r8kakuteiippan.pdf,2026-07-24,0.92,0.02
千葉県,D112210000226,千葉県立銚子商業高等学校,海洋科,40,12,0.3,確定,2026-02-13,https://www.pref.chiba.lg.jp/kyouiku/shidou/nyuushi/koukou/r8/documents/r8kakuteiippan.pdf,2026-07-24,0.4,-0.1
千葉県,D112210000654,千葉県立旭農業高等学校,畜産科,40,16,0.4,確定,2026-02-13,https://www.pref.chiba.lg.jp/kyouiku/shidou/nyuushi/koukou/r8/documents/r8kakuteiippan.pdf,2026-07-24,0.4,0
千葉県,D112210000654,千葉県立旭農業高等学校,園芸科,40,17,0.43,確定,2026-02-13,https://www.pref.chiba.lg.jp/kyouiku/shidou/nyuushi/koukou/r8/documents/r8kakuteiippan.pdf,2026-07-24,0.58,-0.15
千葉県,D112210000654,千葉県立旭農業高等学校,食品科学科,40,30,0.75,確定,2026-02-13,https://www.pref.chiba.lg.jp/kyouiku/shidou/nyuushi/koukou/r8/documents/r8kakuteiippan.pdf,2026-07-24,0.78,-0.03
千葉県,D112210000663,千葉県立東総工業高等学校,電子機械科,40,35,0.88,確定,2026-02-13,https://www.pref.chiba.lg.jp/kyouiku/shidou/nyuushi/koukou/r8/documents/r8kakuteiippan.pdf,2026-07-24,1.13,-0.25
千葉県,D112210000663,千葉県立東総工業高等学校,電気科,40,25,0.63,確定,2026-02-13,https://www.pref.chiba.lg.jp/kyouiku/shidou/nyuushi/koukou/r8/documents/r8kakuteiippan.pdf,2026-07-24,0.78,-0.15
千葉県,D112210000663,千葉県立東総工業高等学校,情報技術科,40,38,0.95,確定,2026-02-13,https://www.pref.chiba.lg.jp/kyouiku/shidou/nyuushi/koukou/r8/documents/r8kakuteiippan.pdf,2026-07-24,0.58,0.37
千葉県,D112210000663,千葉県立東総工業高等学校,建設科,40,33,0.83,確定,2026-02-13,https://www.pref.chiba.lg.jp/kyouiku/shidou/nyuushi/koukou/r8/documents/r8kakuteiippan.pdf,2026-07-24,1.13,-0.3
千葉県,D112210000645,千葉県立匝瑳高等学校,総合学科,240,207,0.86,確定,2026-02-13,https://www.pref.chiba.lg.jp/kyouiku/shidou/nyuushi/koukou/r8/documents/r8kakuteiippan.pdf,2026-07-24,0.88,-0.02
千葉県,D112210001127,千葉県立松尾高等学校,普通科,120,106,0.88,確定,2026-02-13,https://www.pref.chiba.lg.jp/kyouiku/shidou/nyuushi/koukou/r8/documents/r8kakuteiippan.pdf,2026-07-24,0.95,-0.07
千葉県,D112210001118,千葉県立成東高等学校,普通科・理数科,240,238,0.99,確定,2026-02-13,https://www.pref.chiba.lg.jp/kyouiku/shidou/nyuushi/koukou/r8/documents/r8kakuteiippan.pdf,2026-07-24,1.1,-0.11
千葉県,D112210000627,千葉県立東金高等学校,普通科,160,182,1.14,確定,2026-02-13,https://www.pref.chiba.lg.jp/kyouiku/shidou/nyuushi/koukou/r8/documents/r8kakuteiippan.pdf,2026-07-24,1.06,0.08
千葉県,D112210000627,千葉県立東金高等学校,国際教養科,40,34,0.85,確定,2026-02-13,https://www.pref.chiba.lg.jp/kyouiku/shidou/nyuushi/koukou/r8/documents/r8kakuteiippan.pdf,2026-07-24,1.03,-0.18
千葉県,D112210000636,千葉県立東金商業高等学校,商業科・情報処理科,120,99,0.83,確定,2026-02-13,https://www.pref.chiba.lg.jp/kyouiku/shidou/nyuushi/koukou/r8/documents/r8kakuteiippan.pdf,2026-07-24,0.88,-0.05
千葉県,D112210001136,千葉県立大網高等学校,普通科,40,27,0.68,確定,2026-02-13,https://www.pref.chiba.lg.jp/kyouiku/shidou/nyuushi/koukou/r8/documents/r8kakuteiippan.pdf,2026-07-24,0.9,-0.22
千葉県,D112210001136,千葉県立大網高等学校,農業科,40,39,0.98,確定,2026-02-13,https://www.pref.chiba.lg.jp/kyouiku/shidou/nyuushi/koukou/r8/documents/r8kakuteiippan.pdf,2026-07-24,0.85,0.13
千葉県,D112210001136,千葉県立大網高等学校,食品科学科,40,38,0.95,確定,2026-02-13,https://www.pref.chiba.lg.jp/kyouiku/shidou/nyuushi/koukou/r8/documents/r8kakuteiippan.pdf,2026-07-24,0.95,0
千葉県,D112210001136,千葉県立大網高等学校,生物工学科,40,27,0.68,確定,2026-02-13,https://www.pref.chiba.lg.jp/kyouiku/shidou/nyuushi/koukou/r8/documents/r8kakuteiippan.pdf,2026-07-24,0.65,0.03
千葉県,D112210001109,千葉県立九十九里高等学校,普通科,80,19,0.24,確定,2026-02-13,https://www.pref.chiba.lg.jp/kyouiku/shidou/nyuushi/koukou/r8/documents/r8kakuteiippan.pdf,2026-07-24,0.22,0.02
千葉県,D112210000529,千葉県立長生高等学校,普通科・理数科,280,357,1.28,確定,2026-02-13,https://www.pref.chiba.lg.jp/kyouiku/shidou/nyuushi/koukou/r8/documents/r8kakuteiippan.pdf,2026-07-24,1.23,0.05
千葉県,D112210000538,千葉県立茂原高等学校,普通科,160,161,1.01,確定,2026-02-13,https://www.pref.chiba.lg.jp/kyouiku/shidou/nyuushi/koukou/r8/documents/r8kakuteiippan.pdf,2026-07-24,1.17,-0.16
千葉県,D112210000547,千葉県立茂原樟陽高等学校,農業科,40,39,0.98,確定,2026-02-13,https://www.pref.chiba.lg.jp/kyouiku/shidou/nyuushi/koukou/r8/documents/r8kakuteiippan.pdf,2026-07-24,0.93,0.05
千葉県,D112210000547,千葉県立茂原樟陽高等学校,食品科学科,40,42,1.05,確定,2026-02-13,https://www.pref.chiba.lg.jp/kyouiku/shidou/nyuushi/koukou/r8/documents/r8kakuteiippan.pdf,2026-07-24,0.9,0.15
千葉県,D112210000547,千葉県立茂原樟陽高等学校,土木造園科,40,20,0.5,確定,2026-02-13,https://www.pref.chiba.lg.jp/kyouiku/shidou/nyuushi/koukou/r8/documents/r8kakuteiippan.pdf,2026-07-24,0.88,-0.38
千葉県,D112210000547,千葉県立茂原樟陽高等学校,電子機械科,40,28,0.7,確定,2026-02-13,https://www.pref.chiba.lg.jp/kyouiku/shidou/nyuushi/koukou/r8/documents/r8kakuteiippan.pdf,2026-07-24,0.8,-0.1
千葉県,D112210000547,千葉県立茂原樟陽高等学校,電気科,40,23,0.58,確定,2026-02-13,https://www.pref.chiba.lg.jp/kyouiku/shidou/nyuushi/koukou/r8/documents/r8kakuteiippan.pdf,2026-07-24,0.45,0.13
千葉県,D112210000547,千葉県立茂原樟陽高等学校,環境化学科,40,6,0.15,確定,2026-02-13,https://www.pref.chiba.lg.jp/kyouiku/shidou/nyuushi/koukou/r8/documents/r8kakuteiippan.pdf,2026-07-24,0.48,-0.33
千葉県,D112210001145,千葉県立一宮商業高等学校,商業科・情報処理科,120,107,0.89,確定,2026-02-13,https://www.pref.chiba.lg.jp/kyouiku/shidou/nyuushi/koukou/r8/documents/r8kakuteiippan.pdf,2026-07-24,1.02,-0.13
千葉県,D112210001154,千葉県立大多喜高等学校,普通科,160,147,0.92,確定,2026-02-13,https://www.pref.chiba.lg.jp/kyouiku/shidou/nyuushi/koukou/r8/documents/r8kakuteiippan.pdf,2026-07-24,0.83,0.09
千葉県,D112210001163,千葉県立大原高等学校,総合学科,160,94,0.59,確定,2026-02-13,https://www.pref.chiba.lg.jp/kyouiku/shidou/nyuushi/koukou/r8/documents/r8kakuteiippan.pdf,2026-07-24,0.64,-0.05
千葉県,D112210000887,千葉県立長狭高等学校,普通科,160,95,0.59,確定,2026-02-13,https://www.pref.chiba.lg.jp/kyouiku/shidou/nyuushi/koukou/r8/documents/r8kakuteiippan.pdf,2026-07-24,0.71,-0.12
千葉県,D112210001172,千葉県立安房拓心高等学校,総合学科,120,96,0.8,確定,2026-02-13,https://www.pref.chiba.lg.jp/kyouiku/shidou/nyuushi/koukou/r8/documents/r8kakuteiippan.pdf,2026-07-24,0.84,-0.04
千葉県,D112210000388,千葉県立安房高等学校,普通科,240,216,0.9,確定,2026-02-13,https://www.pref.chiba.lg.jp/kyouiku/shidou/nyuushi/koukou/r8/documents/r8kakuteiippan.pdf,2026-07-24,1.05,-0.15
千葉県,D112210000397,千葉県立館山総合高等学校,工業科,40,10,0.25,確定,2026-02-13,https://www.pref.chiba.lg.jp/kyouiku/shidou/nyuushi/koukou/r8/documents/r8kakuteiippan.pdf,2026-07-24,0.35,-0.1
千葉県,D112210000397,千葉県立館山総合高等学校,商業科,40,15,0.38,確定,2026-02-13,https://www.pref.chiba.lg.jp/kyouiku/shidou/nyuushi/koukou/r8/documents/r8kakuteiippan.pdf,2026-07-24,0.33,0.05
千葉県,D112210000397,千葉県立館山総合高等学校,海洋科,40,21,0.53,確定,2026-02-13,https://www.pref.chiba.lg.jp/kyouiku/shidou/nyuushi/koukou/r8/documents/r8kakuteiippan.pdf,2026-07-24,0.3,0.23
千葉県,D112210000397,千葉県立館山総合高等学校,家政科,40,7,0.18,確定,2026-02-13,https://www.pref.chiba.lg.jp/kyouiku/shidou/nyuushi/koukou/r8/documents/r8kakuteiippan.pdf,2026-07-24,0.35,-0.17
千葉県,D112210000949,千葉県立天羽高等学校,普通科,120,56,0.47,確定,2026-02-13,https://www.pref.chiba.lg.jp/kyouiku/shidou/nyuushi/koukou/r8/documents/r8kakuteiippan.pdf,2026-07-24,0.4,0.07
千葉県,D112210000958,千葉県立君津商業高等学校,商業科・情報処理科,160,138,0.86,確定,2026-02-13,https://www.pref.chiba.lg.jp/kyouiku/shidou/nyuushi/koukou/r8/documents/r8kakuteiippan.pdf,2026-07-24,0.94,-0.08
千葉県,D112210000404,千葉県立木更津高等学校,普通科,280,385,1.38,確定,2026-02-13,https://www.pref.chiba.lg.jp/kyouiku/shidou/nyuushi/koukou/r8/documents/r8kakuteiippan.pdf,2026-07-24,1.27,0.11
千葉県,D112210000404,千葉県立木更津高等学校,理数科,40,55,1.38,確定,2026-02-13,https://www.pref.chiba.lg.jp/kyouiku/shidou/nyuushi/koukou/r8/documents/r8kakuteiippan.pdf,2026-07-24,1.55,-0.17
千葉県,D112210000413,千葉県立木更津東高等学校,普通科,120,111,0.93,確定,2026-02-13,https://www.pref.chiba.lg.jp/kyouiku/shidou/nyuushi/koukou/r8/documents/r8kakuteiippan.pdf,2026-07-24,1.16,-0.23
千葉県,D112210000413,千葉県立木更津東高等学校,家政科,40,42,1.05,確定,2026-02-13,https://www.pref.chiba.lg.jp/kyouiku/shidou/nyuushi/koukou/r8/documents/r8kakuteiippan.pdf,2026-07-24,1.15,-0.1
千葉県,D112210000930,千葉県立君津高等学校,普通科,240,250,1.04,確定,2026-02-13,https://www.pref.chiba.lg.jp/kyouiku/shidou/nyuushi/koukou/r8/documents/r8kakuteiippan.pdf,2026-07-24,1.02,0.02
千葉県,D112210000930,千葉県立君津高等学校,園芸科,40,37,0.93,確定,2026-02-13,https://www.pref.chiba.lg.jp/kyouiku/shidou/nyuushi/koukou/r8/documents/r8kakuteiippan.pdf,2026-07-24,1.05,-0.12
千葉県,D112210000921,千葉県立君津青葉高等学校,総合学科,120,72,0.6,確定,2026-02-13,https://www.pref.chiba.lg.jp/kyouiku/shidou/nyuushi/koukou/r8/documents/r8kakuteiippan.pdf,2026-07-24,0.64,-0.04
千葉県,D112210001181,千葉県立袖ヶ浦高等学校,普通科,240,293,1.22,確定,2026-02-13,https://www.pref.chiba.lg.jp/kyouiku/shidou/nyuushi/koukou/r8/documents/r8kakuteiippan.pdf,2026-07-24,1.09,0.13
千葉県,D112210001181,千葉県立袖ヶ浦高等学校,情報コミュニケーション科,40,56,1.4,確定,2026-02-13,https://www.pref.chiba.lg.jp/kyouiku/shidou/nyuushi/koukou/r8/documents/r8kakuteiippan.pdf,2026-07-24,0.83,0.57
千葉県,D112210000752,千葉県立市原高等学校,普通科,80,42,0.53,確定,2026-02-13,https://www.pref.chiba.lg.jp/kyouiku/shidou/nyuushi/koukou/r8/documents/r8kakuteiippan.pdf,2026-07-24,0.6,-0.07
千葉県,D112210000752,千葉県立市原高等学校,園芸科,40,11,0.28,確定,2026-02-13,https://www.pref.chiba.lg.jp/kyouiku/shidou/nyuushi/koukou/r8/documents/r8kakuteiippan.pdf,2026-07-24,0.48,-0.2
千葉県,D112210000761,千葉県立京葉高等学校,普通科,120,121,1.01,確定,2026-02-13,https://www.pref.chiba.lg.jp/kyouiku/shidou/nyuushi/koukou/r8/documents/r8kakuteiippan.pdf,2026-07-24,1.09,-0.08
千葉県,D112210000770,千葉県立市原緑高等学校,普通科,120,97,0.81,確定,2026-02-13,https://www.pref.chiba.lg.jp/kyouiku/shidou/nyuushi/koukou/r8/documents/r8kakuteiippan.pdf,2026-07-24,0.89,-0.08
千葉県,D112210000789,千葉県立姉崎高等学校,普通科,120,115,0.96,確定,2026-02-13,https://www.pref.chiba.lg.jp/kyouiku/shidou/nyuushi/koukou/r8/documents/r8kakuteiippan.pdf,2026-07-24,1.38,-0.42
千葉県,D112210000798,千葉県立市原八幡高等学校,普通科,200,199,1,確定,2026-02-13,https://www.pref.chiba.lg.jp/kyouiku/shidou/nyuushi/koukou/r8/documents/r8kakuteiippan.pdf,2026-07-24,1.11,-0.11
千葉県,D112210001234,千葉市立千葉高等学校,普通科,280,433,1.55,確定,2026-02-13,https://www.pref.chiba.lg.jp/kyouiku/shidou/nyuushi/koukou/r8/documents/r8kakuteiippan.pdf,2026-07-24,1.5,0.05
千葉県,D112210001234,千葉市立千葉高等学校,理数科,40,70,1.75,確定,2026-02-13,https://www.pref.chiba.lg.jp/kyouiku/shidou/nyuushi/koukou/r8/documents/r8kakuteiippan.pdf,2026-07-24,1.85,-0.1
千葉県,D112210001289,習志野市立習志野高等学校,普通科,240,241,1,確定,2026-02-13,https://www.pref.chiba.lg.jp/kyouiku/shidou/nyuushi/koukou/r8/documents/r8kakuteiippan.pdf,2026-07-24,1.05,-0.05
千葉県,D112210001289,習志野市立習志野高等学校,商業科,80,93,1.16,確定,2026-02-13,https://www.pref.chiba.lg.jp/kyouiku/shidou/nyuushi/koukou/r8/documents/r8kakuteiippan.pdf,2026-07-24,1.11,0.05
千葉県,D112210001261,船橋市立船橋高等学校,普通科,240,294,1.23,確定,2026-02-13,https://www.pref.chiba.lg.jp/kyouiku/shidou/nyuushi/koukou/r8/documents/r8kakuteiippan.pdf,2026-07-24,1.44,-0.21
千葉県,D112210001261,船橋市立船橋高等学校,商業科,80,122,1.53,確定,2026-02-13,https://www.pref.chiba.lg.jp/kyouiku/shidou/nyuushi/koukou/r8/documents/r8kakuteiippan.pdf,2026-07-24,1.4,0.13
千葉県,D112210001261,船橋市立船橋高等学校,体育科,80,82,1.03,確定,2026-02-13,https://www.pref.chiba.lg.jp/kyouiku/shidou/nyuushi/koukou/r8/documents/r8kakuteiippan.pdf,2026-07-24,1.03,0
千葉県,D112210001270,松戸市立松戸高等学校,普通科,280,390,1.39,確定,2026-02-13,https://www.pref.chiba.lg.jp/kyouiku/shidou/nyuushi/koukou/r8/documents/r8kakuteiippan.pdf,2026-07-24,1.51,-0.12
千葉県,D112210001270,松戸市立松戸高等学校,国際人文科,40,57,1.43,確定,2026-02-13,https://www.pref.chiba.lg.jp/kyouiku/shidou/nyuushi/koukou/r8/documents/r8kakuteiippan.pdf,2026-07-24,1.08,0.35
千葉県,D112210001298,柏市立柏高等学校,普通科,280,343,1.23,確定,2026-02-13,https://www.pref.chiba.lg.jp/kyouiku/shidou/nyuushi/koukou/r8/documents/r8kakuteiippan.pdf,2026-07-24,1.02,0.21
千葉県,D112210001298,柏市立柏高等学校,スポーツ科学科,40,42,1.05,確定,2026-02-13,https://www.pref.chiba.lg.jp/kyouiku/shidou/nyuushi/koukou/r8/documents/r8kakuteiippan.pdf,2026-07-24,1,0.05
千葉県,D112210001252,銚子市立銚子高等学校,普通科・理数科,240,247,1.03,確定,2026-02-13,https://www.pref.chiba.lg.jp/kyouiku/shidou/nyuushi/koukou/r8/documents/r8kakuteiippan.pdf,2026-07-24,1.05,-0.02
